Threshold,Accuracy,Precision,Recall,Specificity,F1,TP,TN,FP,FN
0.1,0.827433628318584,0.7027027027027027,0.9285714285714286,0.7676056338028169,0.8,78,109,33,6
0.11,0.8407079646017699,0.7222222222222222,0.9285714285714286,0.7887323943661971,0.8125,78,112,30,6
0.12,0.8628318584070797,0.7572815533980582,0.9285714285714286,0.823943661971831,0.8342245989304813,78,117,25,6
0.13,0.8716814159292036,0.7722772277227723,0.9285714285714286,0.8380281690140845,0.8432432432432433,78,119,23,6
0.13999999999999999,0.8761061946902655,0.78,0.9285714285714286,0.8450704225352113,0.8478260869565217,78,120,22,6
0.14999999999999997,0.8761061946902655,0.78,0.9285714285714286,0.8450704225352113,0.8478260869565217,78,120,22,6
0.15999999999999998,0.8761061946902655,0.78,0.9285714285714286,0.8450704225352113,0.8478260869565217,78,120,22,6
0.16999999999999998,0.8849557522123894,0.7959183673469388,0.9285714285714286,0.8591549295774648,0.8571428571428571,78,122,20,6
0.17999999999999997,0.8849557522123894,0.7959183673469388,0.9285714285714286,0.8591549295774648,0.8571428571428571,78,122,20,6
0.18999999999999995,0.8849557522123894,0.8020833333333334,0.9166666666666666,0.8661971830985915,0.8555555555555555,77,123,19,7
0.19999999999999996,0.8938053097345132,0.8191489361702128,0.9166666666666666,0.8802816901408451,0.8651685393258427,77,125,17,7
0.20999999999999996,0.8938053097345132,0.8191489361702128,0.9166666666666666,0.8802816901408451,0.8651685393258427,77,125,17,7
0.21999999999999995,0.8938053097345132,0.8191489361702128,0.9166666666666666,0.8802816901408451,0.8651685393258427,77,125,17,7
0.22999999999999995,0.8938053097345132,0.8191489361702128,0.9166666666666666,0.8802816901408451,0.8651685393258427,77,125,17,7
0.23999999999999994,0.8938053097345132,0.8191489361702128,0.9166666666666666,0.8802816901408451,0.8651685393258427,77,125,17,7
0.24999999999999992,0.8938053097345132,0.8191489361702128,0.9166666666666666,0.8802816901408451,0.8651685393258427,77,125,17,7
0.2599999999999999,0.8938053097345132,0.8260869565217391,0.9047619047619048,0.8873239436619719,0.8636363636363636,76,126,16,8
0.2699999999999999,0.8938053097345132,0.8260869565217391,0.9047619047619048,0.8873239436619719,0.8636363636363636,76,126,16,8
0.2799999999999999,0.8938053097345132,0.8260869565217391,0.9047619047619048,0.8873239436619719,0.8636363636363636,76,126,16,8
0.2899999999999999,0.8938053097345132,0.8260869565217391,0.9047619047619048,0.8873239436619719,0.8636363636363636,76,126,16,8
0.29999999999999993,0.8938053097345132,0.8260869565217391,0.9047619047619048,0.8873239436619719,0.8636363636363636,76,126,16,8
0.30999999999999994,0.8982300884955752,0.8351648351648352,0.9047619047619048,0.8943661971830986,0.8685714285714285,76,127,15,8
0.3199999999999999,0.8982300884955752,0.8351648351648352,0.9047619047619048,0.8943661971830986,0.8685714285714285,76,127,15,8
0.32999999999999985,0.8982300884955752,0.8351648351648352,0.9047619047619048,0.8943661971830986,0.8685714285714285,76,127,15,8
0.33999999999999986,0.8982300884955752,0.8351648351648352,0.9047619047619048,0.8943661971830986,0.8685714285714285,76,127,15,8
0.34999999999999987,0.9070796460176991,0.8539325842696629,0.9047619047619048,0.9084507042253521,0.8786127167630058,76,129,13,8
0.3599999999999999,0.9070796460176991,0.8539325842696629,0.9047619047619048,0.9084507042253521,0.8786127167630058,76,129,13,8
0.3699999999999999,0.911504424778761,0.8636363636363636,0.9047619047619048,0.9154929577464789,0.8837209302325582,76,130,12,8
0.3799999999999999,0.911504424778761,0.872093023255814,0.8928571428571429,0.9225352112676056,0.8823529411764706,75,131,11,9
0.3899999999999999,0.9203539823008849,0.8928571428571429,0.8928571428571429,0.9366197183098591,0.8928571428571429,75,133,9,9
0.3999999999999998,0.9203539823008849,0.8928571428571429,0.8928571428571429,0.9366197183098591,0.8928571428571429,75,133,9,9
0.4099999999999998,0.915929203539823,0.891566265060241,0.8809523809523809,0.9366197183098591,0.8862275449101796,74,133,9,10
0.4199999999999998,0.915929203539823,0.891566265060241,0.8809523809523809,0.9366197183098591,0.8862275449101796,74,133,9,10
0.4299999999999998,0.9203539823008849,0.9024390243902439,0.8809523809523809,0.9436619718309859,0.891566265060241,74,134,8,10
0.43999999999999984,0.9203539823008849,0.9024390243902439,0.8809523809523809,0.9436619718309859,0.891566265060241,74,134,8,10
0.44999999999999984,0.9203539823008849,0.9024390243902439,0.8809523809523809,0.9436619718309859,0.891566265060241,74,134,8,10
0.45999999999999985,0.915929203539823,0.9012345679012346,0.8690476190476191,0.9436619718309859,0.8848484848484849,73,134,8,11
0.46999999999999986,0.915929203539823,0.9012345679012346,0.8690476190476191,0.9436619718309859,0.8848484848484849,73,134,8,11
0.47999999999999976,0.915929203539823,0.9012345679012346,0.8690476190476191,0.9436619718309859,0.8848484848484849,73,134,8,11
0.48999999999999977,0.915929203539823,0.9012345679012346,0.8690476190476191,0.9436619718309859,0.8848484848484849,73,134,8,11
0.4999999999999998,0.915929203539823,0.9113924050632911,0.8571428571428571,0.9507042253521126,0.8834355828220859,72,135,7,12
0.5099999999999998,0.9203539823008849,0.9230769230769231,0.8571428571428571,0.9577464788732394,0.8888888888888888,72,136,6,12
0.5199999999999998,0.915929203539823,0.922077922077922,0.8452380952380952,0.9577464788732394,0.8819875776397516,71,136,6,13
0.5299999999999998,0.915929203539823,0.922077922077922,0.8452380952380952,0.9577464788732394,0.8819875776397516,71,136,6,13
0.5399999999999998,0.915929203539823,0.922077922077922,0.8452380952380952,0.9577464788732394,0.8819875776397516,71,136,6,13
0.5499999999999998,0.915929203539823,0.922077922077922,0.8452380952380952,0.9577464788732394,0.8819875776397516,71,136,6,13
0.5599999999999997,0.915929203539823,0.922077922077922,0.8452380952380952,0.9577464788732394,0.8819875776397516,71,136,6,13
0.5699999999999997,0.9203539823008849,0.9342105263157895,0.8452380952380952,0.9647887323943662,0.8875,71,137,5,13
0.5799999999999997,0.915929203539823,0.9333333333333333,0.8333333333333334,0.9647887323943662,0.8805031446540881,70,137,5,14
0.5899999999999997,0.915929203539823,0.9333333333333333,0.8333333333333334,0.9647887323943662,0.8805031446540881,70,137,5,14
0.5999999999999998,0.915929203539823,0.9333333333333333,0.8333333333333334,0.9647887323943662,0.8805031446540881,70,137,5,14
0.6099999999999998,0.915929203539823,0.9333333333333333,0.8333333333333334,0.9647887323943662,0.8805031446540881,70,137,5,14
0.6199999999999998,0.915929203539823,0.9333333333333333,0.8333333333333334,0.9647887323943662,0.8805031446540881,70,137,5,14
0.6299999999999997,0.911504424778761,0.9444444444444444,0.8095238095238095,0.971830985915493,0.8717948717948718,68,138,4,16
0.6399999999999997,0.911504424778761,0.9444444444444444,0.8095238095238095,0.971830985915493,0.8717948717948718,68,138,4,16
0.6499999999999997,0.911504424778761,0.9444444444444444,0.8095238095238095,0.971830985915493,0.8717948717948718,68,138,4,16
0.6599999999999997,0.911504424778761,0.9571428571428572,0.7976190476190477,0.9788732394366197,0.8701298701298701,67,139,3,17
0.6699999999999997,0.911504424778761,0.9571428571428572,0.7976190476190477,0.9788732394366197,0.8701298701298701,67,139,3,17
0.6799999999999997,0.9070796460176991,0.9565217391304348,0.7857142857142857,0.9788732394366197,0.8627450980392157,66,139,3,18
0.6899999999999997,0.9070796460176991,0.9565217391304348,0.7857142857142857,0.9788732394366197,0.8627450980392157,66,139,3,18
0.6999999999999996,0.8982300884955752,0.9552238805970149,0.7619047619047619,0.9788732394366197,0.847682119205298,64,139,3,20
0.7099999999999996,0.8938053097345132,0.9545454545454546,0.75,0.9788732394366197,0.84,63,139,3,21
0.7199999999999996,0.8893805309734514,0.9538461538461539,0.7380952380952381,0.9788732394366197,0.8322147651006712,62,139,3,22
0.7299999999999996,0.8849557522123894,0.953125,0.7261904761904762,0.9788732394366197,0.8243243243243243,61,139,3,23
0.7399999999999997,0.8849557522123894,0.953125,0.7261904761904762,0.9788732394366197,0.8243243243243243,61,139,3,23
0.7499999999999997,0.8849557522123894,0.953125,0.7261904761904762,0.9788732394366197,0.8243243243243243,61,139,3,23
0.7599999999999997,0.8805309734513275,0.9523809523809523,0.7142857142857143,0.9788732394366197,0.8163265306122449,60,139,3,24
0.7699999999999997,0.8761061946902655,0.9516129032258065,0.7023809523809523,0.9788732394366197,0.8082191780821918,59,139,3,25
0.7799999999999997,0.8716814159292036,0.9508196721311475,0.6904761904761905,0.9788732394366197,0.8,58,139,3,26
0.7899999999999996,0.8716814159292036,0.9508196721311475,0.6904761904761905,0.9788732394366197,0.8,58,139,3,26
0.7999999999999996,0.8672566371681416,0.95,0.6785714285714286,0.9788732394366197,0.7916666666666666,57,139,3,27
0.8099999999999996,0.8628318584070797,0.9491525423728814,0.6666666666666666,0.9788732394366197,0.7832167832167832,56,139,3,28
0.8199999999999996,0.8584070796460177,0.9482758620689655,0.6547619047619048,0.9788732394366197,0.7746478873239436,55,139,3,29
0.8299999999999996,0.8539823008849557,0.9473684210526315,0.6428571428571429,0.9788732394366197,0.7659574468085106,54,139,3,30
0.8399999999999996,0.8495575221238938,0.9464285714285714,0.6309523809523809,0.9788732394366197,0.7571428571428571,53,139,3,31
0.8499999999999996,0.8407079646017699,0.9444444444444444,0.6071428571428571,0.9788732394366197,0.7391304347826086,51,139,3,33
0.8599999999999995,0.831858407079646,0.9423076923076923,0.5833333333333334,0.9788732394366197,0.7205882352941176,49,139,3,35
0.8699999999999996,0.827433628318584,0.9411764705882353,0.5714285714285714,0.9788732394366197,0.7111111111111111,48,139,3,36
0.8799999999999996,0.8230088495575221,0.94,0.5595238095238095,0.9788732394366197,0.7014925373134329,47,139,3,37
0.8899999999999996,0.8185840707964602,0.9574468085106383,0.5357142857142857,0.9859154929577465,0.6870229007633588,45,140,2,39
0.8999999999999996,0.8141592920353983,0.9565217391304348,0.5238095238095238,0.9859154929577465,0.676923076923077,44,140,2,40
